问题,忠实度,答案相关度,检索召回,检索精确度
AI 咋记住之前说过的话？,1.0,0.7883092494177896,1.0,0.9999999999666667
帮我看下那个 RAG 到底咋回事,1.0,0.555585676139081,1.0,0.9999999999666667
RAG 是不是比微调划算,0.9285714285714286,0.0,1.0,0.9999999999666667
向量是咋存的，咋就找得到差不多的,0.9375,0.4424089000259818,0.6666666666666666,0.9999999999666667
模型老学一样的东西会不会学坏,0.8,0.5077288256859253,1.0,0.9999999999666667
咋让 AI 自己动手调工具,0.8888888888888888,0.7160475418846146,1.0,0.9999999999666667
prompt 咋写才能让模型听话点,1.0,0.4576764987841803,0.75,0.9999999999666667
模型上线了咋让它跑快点,1.0,0.565980251931173,1.0,0.9999999999666667
咋知道模型答得对不对，光看它自己说行吗,0.0,0.0,0.25,0.3333333333
